273123,33,298028,2025-07-21 17:44:35.607,maman,741012,2025-07-21 18:17:41.103,2025-07-21 18:17:41.103,2025-07-21 17:45:32.200,2025-07-21 17:44:35.613,maman,maman,maman,maman,0
272389,33,297294,2025-07-09 22:26:14.553,maman,738422,2025-07-21 18:17:41.103,2025-07-21 18:17:41.103,2025-07-19 00:20:32.200,2025-07-09 22:26:14.570,maman,maman,kawe,maman,0
273127,1,298032,2025-07-21 17:58:49.587,zljovesk,741016,2025-07-21 18:10:02.233,2025-07-21 18:10:02.233,2025-07-21 18:09:02.857,2025-07-21 17:58:49.593,zljovesk,zljovesk,zljovesk,zljovesk,0
266116,1,291021,2025-04-18 22:08:20.480,chtakeh,721636,2025-07-21 18:10:02.233,2025-07-21 18:10:02.233,2025-07-16 02:01:06.507,2025-04-18 22:12:32.290,zljovesk,zljovesk,chezhou,chtakeh,0
273126,1,298031,2025-07-21 17:58:18.480,zljovesk,741015,2025-07-21 18:09:46.800,2025-07-21 18:09:46.800,2025-07-21 18:08:57.310,2025-07-21 17:58:18.483,zljovesk,zljovesk,zljovesk,zljovesk,0
266027,1,290932,2025-04-18 05:22:45.290,chtakeh,721444,2025-07-21 18:09:46.800,2025-07-21 18:09:46.800,2025-07-11 20:50:41.190,2025-04-18 22:08:31.683,zljovesk,zljovesk,chezhou,chtakeh,0
273125,1,298030,2025-07-21 17:57:44.203,zljovesk,741014,2025-07-21 18:09:33.820,2025-07-21 18:09:33.820,2025-07-21 18:08:51.587,2025-07-21 17:57:44.210,zljovesk,zljovesk,zljovesk,zljovesk,0
246761,1,271666,2024-09-07 04:27:57.950,anuradhn,662744,2025-07-21 18:09:33.820,2025-07-21 18:09:33.820,2025-06-19 21:20:13.113,2024-09-07 04:28:03.577,zljovesk,zljovesk,anuradhn,anuradhn,0
273124,1,298029,2025-07-21 17:57:08.920,zljovesk,741013,2025-07-21 18:09:15.333,2025-07-21 18:09:15.333,2025-07-21 18:08:45.610,2025-07-21 17:57:08.923,zljovesk,zljovesk,zljovesk,zljovesk,0
246725,1,271630,2024-09-07 04:19:59.093,anuradhn,662708,2025-07-21 18:09:15.333,2025-07-21 18:09:15.333,2025-07-11 21:51:22.317,2024-09-07 04:20:04.727,zljovesk,zljovesk,chezhou,anuradhn,0
270864,6,295769,2025-06-18 00:05:44.447,qul,741018,2025-07-21 18:08:59.930,2025-06-18 22:13:33.390,2025-07-09 20:37:47.900,2025-07-21 18:08:59.930,rkshatriya,anuradhn,chtakeh,rkshatriya,0
272769,37,297674,2025-07-16 20:59:15.867,acitraro,739645,2025-07-21 18:03:32.127,2025-07-21 18:03:32.127,2025-07-18 07:38:34.047,2025-07-16 20:59:16.063,acitraro,acitraro,v-amankumar7,acitraro,0
237654,37,262556,2024-05-30 02:42:27.830,lineAdsFLN_UberV2-Nativebootstrap,636860,2025-07-21 18:03:32.127,2025-07-21 18:03:32.127,2025-07-18 07:38:34.047,2024-07-12 10:20:17.590,acitraro,acitraro,v-amankumar7,sabrinat,0
269311,22,294216,2025-05-28 06:05:46.453,anshulmittal,730056,2025-07-21 17:29:37.840,2025-07-21 17:29:37.840,2025-07-21 06:52:43.487,2025-05-28 06:05:46.503,anshulmittal,anshulmittal,sdrona,anshulmittal,0
269310,22,294215,2025-05-28 06:05:36.860,anshulmittal,730055,2025-07-21 17:29:37.840,2025-07-21 17:29:37.840,2025-07-21 06:52:43.487,2025-05-28 06:05:36.913,anshulmittal,anshulmittal,sdrona,anshulmittal,0
269309,22,294214,2025-05-28 06:05:26.633,anshulmittal,730054,2025-07-21 17:29:37.840,2025-07-21 17:29:37.840,2025-07-21 06:52:43.487,2025-05-28 06:05:26.653,anshulmittal,anshulmittal,sdrona,anshulmittal,0
79159,22,95006,2020-03-26 22:32:05.330,lineAdsFLN17bootstrap,655117,2025-07-21 17:29:37.840,2025-07-21 17:29:37.840,2025-07-21 06:52:43.487,2024-08-07 04:55:23.500,anshulmittal,anshulmittal,sdrona,nagarkar,0
273122,38,298027,2025-07-21 17:21:52.887,anshulmittal,741011,2025-07-21 17:28:54.063,2025-07-21 17:24:32.750,2025-07-21 17:28:54.063,2025-07-21 17:21:52.890,anshulmittal,anshulmittal,anshulmittal,anshulmittal,0
273120,38,298025,2025-07-21 17:21:43.287,anshulmittal,741009,2025-07-21 17:28:03.980,2025-07-21 17:24:32.750,2025-07-21 17:28:03.980,2025-07-21 17:21:43.507,anshulmittal,anshulmittal,anshulmittal,anshulmittal,0
273121,38,298026,2025-07-21 17:21:48.670,anshulmittal,741010,2025-07-21 17:27:09.990,2025-07-21 17:24:32.750,2025-07-21 17:27:09.990,2025-07-21 17:21:48.680,anshulmittal,anshulmittal,anshulmittal,anshulmittal,0
270026,2,294931,2025-06-05 22:33:28.873,weluo,731875,2025-07-21 17:03:27.403,2025-07-21 17:03:27.403,2025-07-08 23:28:30.483,2025-06-05 22:33:28.893,weluo,weluo,chtakeh,weluo,0
1750,2,10243,2014-07-15 10:08:08.513,mandg,56297,2025-07-21 17:03:27.403,2025-07-21 17:03:27.403,2025-07-08 23:28:30.483,2024-11-27 03:09:41.267,weluo,weluo,chtakeh,chezhou,0
273117,1,298022,2025-07-21 16:44:21.867,aggarwalsa,741003,2025-07-21 16:56:24.587,2025-07-21 16:56:24.587,2025-07-21 16:51:35.657,2025-07-21 16:44:21.870,aggarwalsa,aggarwalsa,aggarwalsa,aggarwalsa,0
273116,1,298021,2025-07-21 16:44:00.720,aggarwalsa,741002,2025-07-21 16:56:24.587,2025-07-21 16:56:24.587,2025-07-21 16:49:11.553,2025-07-21 16:44:00.723,aggarwalsa,aggarwalsa,aggarwalsa,aggarwalsa,0
272953,1,297858,2025-07-18 17:04:49.820,aggarwalsa,740942,2025-07-21 16:56:24.587,2025-07-21 16:56:24.587,2025-07-18 17:10:31.030,2025-07-21 10:09:56.163,aggarwalsa,aggarwalsa,aggarwalsa,aggarwalsa,0
272952,1,297857,2025-07-18 17:04:41.380,aggarwalsa,740941,2025-07-21 16:56:24.587,2025-07-21 16:56:24.587,2025-07-18 17:09:40.860,2025-07-21 10:09:19.970,aggarwalsa,aggarwalsa,aggarwalsa,aggarwalsa,0
272951,1,297856,2025-07-18 17:04:31.983,aggarwalsa,740940,2025-07-21 16:56:24.587,2025-07-21 16:56:24.587,2025-07-18 17:08:00.987,2025-07-21 10:08:42.563,aggarwalsa,aggarwalsa,aggarwalsa,aggarwalsa,0
272621,1,297526,2025-07-14 09:52:47.680,rahulragesh,739171,2025-07-21 16:56:24.587,2025-07-21 16:56:24.587,2025-07-15 12:41:17.800,2025-07-14 09:52:47.683,aggarwalsa,aggarwalsa,rahulragesh,rahulragesh,0
272609,1,297514,2025-07-14 08:33:03.673,rahulragesh,739072,2025-07-21 16:56:24.587,2025-07-21 16:56:24.587,2025-07-15 12:40:30.423,2025-07-14 08:33:03.677,aggarwalsa,aggarwalsa,rahulragesh,rahulragesh,0
272153,1,297058,2025-07-07 10:21:40.553,aggarwalsa,739167,2025-07-21 16:56:24.587,2025-07-21 16:56:24.587,2025-07-15 12:43:36.867,2025-07-14 09:50:38.093,aggarwalsa,aggarwalsa,rahulragesh,rahulragesh,0
269504,1,294409,2025-05-29 19:49:56.627,arupr,739073,2025-07-21 16:56:24.587,2025-07-21 16:56:24.587,2025-07-15 12:42:56.467,2025-07-14 08:40:17.673,aggarwalsa,aggarwalsa,rahulragesh,rahulragesh,0
565,1,51,2014-06-13 19:09:44.167,bootstrap,648008,2025-07-21 16:56:24.587,2025-07-21 16:56:24.587,2025-04-01 11:40:12.763,2025-06-12 10:43:59.117,aggarwalsa,aggarwalsa,ankitsriva,saguduru,0
273119,13,298024,2025-07-21 16:46:46.233,aggarwalsa,741008,2025-07-21 16:50:35.133,2025-07-21 16:46:49.503,2025-07-21 16:46:47.850,2025-07-21 16:50:35.133,aggarwalsa,aggarwalsa,aggarwalsa,aggarwalsa,0
273118,13,298023,2025-07-21 16:46:43.150,aggarwalsa,741007,2025-07-21 16:47:55.370,2025-07-21 16:46:46.230,2025-07-21 16:46:44.637,2025-07-21 16:47:55.370,aggarwalsa,aggarwalsa,aggarwalsa,aggarwalsa,0
261370,1,286275,2025-02-26 22:35:31.767,hayami,741006,2025-07-21 16:47:32.923,2025-07-21 16:47:32.923,2025-04-24 01:44:32.520,2025-07-21 16:47:32.440,hayami,hayami,uoham,hayami,0
70753,1,86595,2019-11-08 19:57:46.670,divyk,177985,2025-07-21 16:47:32.920,2025-07-21 16:47:32.920,2025-05-15 10:04:36.990,2023-12-15 04:25:15.160,hayami,hayami,v-prkharat,saguduru,0
273115,33,298020,2025-07-21 16:41:20.577,leshekha,741001,2025-07-21 16:41:28.087,2025-07-21 16:41:28.087,2025-07-21 16:41:26.210,2025-07-21 16:41:20.593,leshekha,leshekha,leshekha,leshekha,0
257196,7,282101,2025-01-09 22:16:01.657,jiyshi,739628,2025-07-21 16:41:13.470,2025-07-21 16:41:13.470,2025-01-23 20:33:23.720,2025-07-16 20:31:55.930,sshajimathew,sshajimathew,chtakeh,jiyshi,0
272724,33,297629,2025-07-16 07:03:13.163,weizhezhang,739560,2025-07-21 16:38:49.997,2025-07-21 16:38:49.997,2025-07-16 13:06:55.673,2025-07-16 07:03:13.177,leshekha,leshekha,ankitsriva,weizhezhang,0
268751,33,293656,2025-05-18 06:11:43.810,uermis,728201,2025-07-21 16:38:49.997,2025-07-21 16:38:49.997,2025-07-08 22:35:41.573,2025-05-18 06:11:43.847,leshekha,leshekha,chezhou,uermis,0
268750,33,293655,2025-05-18 06:11:28.967,uermis,728200,2025-07-21 16:38:49.997,2025-07-21 16:38:49.997,2025-07-08 22:35:41.573,2025-05-18 06:11:28.983,leshekha,leshekha,chezhou,uermis,0
208753,33,224655,2023-09-29 06:14:15.190,vborra,567148,2025-07-21 16:38:49.997,2025-07-21 16:38:49.997,NULL,2024-05-06 18:08:24.400,leshekha,leshekha,NULL,victoroy,0
272946,37,297851,2025-07-18 16:28:26.617,zijiaozhang,740238,2025-07-21 16:27:30.083,2025-07-21 16:27:30.083,2025-07-18 16:30:20.767,2025-07-18 16:28:26.633,zijiaozhang,zijiaozhang,zijiaozhang,zijiaozhang,0
272643,6,297548,2025-07-14 18:28:32.190,zilanchai,739231,2025-07-21 16:24:41.613,2025-07-21 16:24:41.613,2025-07-14 18:30:06.040,2025-07-14 18:28:32.380,zilanchai,zilanchai,zilanchai,zilanchai,0
270377,6,295282,2025-06-11 00:16:15.003,zljovesk,732681,2025-07-21 16:24:41.613,2025-07-21 16:24:41.613,2025-07-09 20:37:47.900,2025-06-11 00:16:15.200,zilanchai,zilanchai,chtakeh,zljovesk,0
16179,6,31171,2016-02-05 04:25:18.187,lineAdsFLN4bootstrap,59622,2025-07-21 16:24:41.613,2025-07-21 16:24:41.613,2025-07-09 20:37:47.900,2024-11-27 03:09:41.267,zilanchai,zilanchai,chtakeh,chezhou,0
271259,2,296164,2025-06-24 06:34:08.217,yubinzhao,741000,2025-07-21 16:20:38.630,2025-06-24 07:16:19.860,2025-06-24 06:43:09.220,2025-07-21 16:20:38.630,digoyal,yubinzhao,yubinzhao,digoyal,0
271250,2,296155,2025-06-24 06:27:28.213,yubinzhao,740999,2025-07-21 16:20:32.840,2025-06-24 07:17:15.927,2025-06-24 06:27:33.387,2025-07-21 16:20:32.840,digoyal,yubinzhao,yubinzhao,digoyal,0
271260,2,296165,2025-06-24 06:34:30.310,yubinzhao,740998,2025-07-21 16:20:26.333,2025-06-24 07:16:19.950,2025-06-24 06:43:31.983,2025-07-21 16:20:26.333,digoyal,yubinzhao,yubinzhao,digoyal,0
271251,2,296156,2025-06-24 06:28:13.567,yubinzhao,740997,2025-07-21 16:20:18.703,2025-06-24 07:17:16.020,2025-06-24 06:28:23.730,2025-07-21 16:20:18.703,digoyal,yubinzhao,yubinzhao,digoyal,0
271261,2,296166,2025-06-24 06:34:49.437,yubinzhao,740996,2025-07-21 16:20:12.470,2025-06-24 07:16:20.040,2025-06-24 06:43:57.123,2025-07-21 16:20:12.470,digoyal,yubinzhao,yubinzhao,digoyal,0
271252,2,296157,2025-06-24 06:29:13.480,yubinzhao,740995,2025-07-21 16:20:03.603,2025-06-24 07:17:16.113,2025-06-24 06:29:23.060,2025-07-21 16:20:03.603,digoyal,yubinzhao,yubinzhao,digoyal,0
271258,2,296163,2025-06-24 06:33:41.807,yubinzhao,740994,2025-07-21 16:19:22.113,2025-06-24 07:16:19.770,2025-07-17 10:09:24.563,2025-07-21 16:19:22.113,digoyal,yubinzhao,v-amankumar7,digoyal,0
271249,2,296154,2025-06-24 06:26:45.660,yubinzhao,740993,2025-07-21 16:19:15.543,2025-06-24 07:17:15.833,2025-07-17 10:09:24.563,2025-07-21 16:19:15.543,digoyal,yubinzhao,v-amankumar7,digoyal,0
271248,2,296153,2025-06-24 06:25:50.860,yubinzhao,740992,2025-07-21 16:18:55.300,2025-06-24 07:17:15.740,2025-06-24 06:26:03.440,2025-07-21 16:18:55.300,digoyal,yubinzhao,yubinzhao,digoyal,0
271257,2,296162,2025-06-24 06:33:17.670,yubinzhao,740991,2025-07-21 16:18:39.830,2025-06-24 07:16:19.677,2025-06-24 06:42:08.470,2025-07-21 16:18:39.830,digoyal,yubinzhao,yubinzhao,digoyal,0
271247,2,296152,2025-06-24 06:24:48.693,yubinzhao,740990,2025-07-21 16:18:25.153,2025-06-24 07:17:15.650,2025-06-24 06:25:04.493,2025-07-21 16:18:25.153,digoyal,yubinzhao,yubinzhao,digoyal,0
271256,2,296161,2025-06-24 06:32:54.453,yubinzhao,740989,2025-07-21 16:18:14.690,2025-06-24 07:16:19.590,2025-06-24 06:41:41.690,2025-07-21 16:18:14.690,digoyal,yubinzhao,yubinzhao,digoyal,0
271246,2,296151,2025-06-24 06:23:33.290,yubinzhao,740988,2025-07-21 16:17:53.853,2025-06-24 07:17:15.560,2025-06-24 06:23:44.130,2025-07-21 16:17:53.853,digoyal,yubinzhao,yubinzhao,digoyal,0
271255,2,296160,2025-06-24 06:32:34.733,yubinzhao,740987,2025-07-21 16:17:43.410,2025-06-24 07:16:19.500,2025-06-24 06:40:57.523,2025-07-21 16:17:43.410,digoyal,yubinzhao,yubinzhao,digoyal,0
271245,2,296150,2025-06-24 06:22:43.313,yubinzhao,740986,2025-07-21 16:17:15.960,2025-06-24 07:17:15.457,2025-06-24 06:22:53.900,2025-07-21 16:17:15.960,digoyal,yubinzhao,yubinzhao,digoyal,0
271254,2,296159,2025-06-24 06:32:16.257,yubinzhao,740985,2025-07-21 16:17:02.563,2025-06-24 07:16:19.410,2025-06-24 06:40:28.883,2025-07-21 16:17:02.563,digoyal,yubinzhao,yubinzhao,digoyal,0
271244,2,296149,2025-06-24 06:21:37.637,yubinzhao,740984,2025-07-21 16:16:34.840,2025-06-24 07:17:15.367,2025-06-24 06:21:43.153,2025-07-21 16:16:34.840,digoyal,yubinzhao,yubinzhao,digoyal,0
271253,2,296158,2025-06-24 06:30:38.940,yubinzhao,740983,2025-07-21 16:16:13.330,2025-06-24 07:16:19.317,2025-06-24 06:39:55.657,2025-07-21 16:16:13.330,digoyal,yubinzhao,yubinzhao,digoyal,0
272516,36,297421,2025-07-11 08:37:04.307,v-rpayasi,740982,2025-07-21 14:29:31.587,2025-07-21 14:29:31.587,2025-07-18 15:59:06.680,2025-07-21 14:29:31.570,sabrinat,sabrinat,saguduru,sabrinat,0
237650,36,262552,2024-05-30 02:38:46.350,lineAdsFLN_UberV1-Nativebootstrap,645609,2025-07-21 14:29:31.583,2025-07-21 14:29:31.583,2025-07-18 15:59:06.680,2024-07-12 10:20:17.590,sabrinat,sabrinat,saguduru,sabrinat,0
272699,36,297604,2025-07-15 19:45:17.497,uoham,740981,2025-07-21 14:29:13.540,2025-07-21 14:29:13.540,2025-07-18 15:59:06.680,2025-07-21 14:29:13.047,sabrinat,sabrinat,saguduru,sabrinat,0
261396,38,286301,2025-02-27 03:35:09.060,dongzhejiang,706977,2025-07-21 12:28:24.730,2025-02-27 03:44:50.653,2025-07-21 12:28:24.730,2025-02-27 03:35:09.067,dongzhejiang,dongzhejiang,dongzhejiang,dongzhejiang,0
273104,4,298009,2025-07-21 09:58:22.323,TG-Bot PME,740980,2025-07-21 12:00:43.617,2025-07-21 12:00:43.617,2025-07-21 10:08:54.760,2025-07-21 12:00:43.530,sabohra,sabohra,sabohra,sabohra,0
273103,4,298008,2025-07-21 09:57:47.340,TG-Bot PME,740979,2025-07-21 12:00:43.523,2025-07-21 12:00:43.523,2025-07-21 10:08:54.760,2025-07-21 12:00:43.437,sabohra,sabohra,sabohra,sabohra,0
273102,4,298007,2025-07-21 09:57:09.470,TG-Bot PME,740978,2025-07-21 12:00:43.430,2025-07-21 12:00:43.430,2025-07-21 10:08:54.760,2025-07-21 12:00:43.347,sabohra,sabohra,sabohra,sabohra,0
273101,4,298006,2025-07-21 09:56:28.790,TG-Bot PME,740977,2025-07-21 12:00:43.340,2025-07-21 12:00:43.340,2025-07-21 10:08:54.760,2025-07-21 12:00:43.257,sabohra,sabohra,sabohra,sabohra,0
273100,4,298005,2025-07-21 09:55:47.443,TG-Bot PME,740976,2025-07-21 12:00:43.250,2025-07-21 12:00:43.250,2025-07-21 10:08:54.760,2025-07-21 12:00:43.167,sabohra,sabohra,sabohra,sabohra,0
273099,4,298004,2025-07-21 09:55:05.397,TG-Bot PME,740975,2025-07-21 12:00:43.160,2025-07-21 12:00:43.160,2025-07-21 10:08:54.760,2025-07-21 12:00:43.077,sabohra,sabohra,sabohra,sabohra,0
273098,4,298003,2025-07-21 09:54:28.147,TG-Bot PME,740974,2025-07-21 12:00:43.070,2025-07-21 12:00:43.070,2025-07-21 10:08:54.760,2025-07-21 12:00:42.983,sabohra,sabohra,sabohra,sabohra,0
273097,4,298002,2025-07-21 09:53:47.750,TG-Bot PME,740973,2025-07-21 12:00:42.980,2025-07-21 12:00:42.980,2025-07-21 10:08:54.760,2025-07-21 12:00:42.893,sabohra,sabohra,sabohra,sabohra,0
273096,4,298001,2025-07-21 09:53:12.110,TG-Bot PME,740972,2025-07-21 12:00:42.887,2025-07-21 12:00:42.887,2025-07-21 10:08:54.760,2025-07-21 12:00:42.797,sabohra,sabohra,sabohra,sabohra,0
273113,4,298018,2025-07-21 10:18:42.987,TG-Bot PME,740971,2025-07-21 11:59:35.053,2025-07-21 11:59:35.053,2025-07-21 10:21:44.807,2025-07-21 11:59:34.970,sabohra,sabohra,sabohra,sabohra,0
273112,4,298017,2025-07-21 10:18:08.177,TG-Bot PME,740970,2025-07-21 11:59:34.963,2025-07-21 11:59:34.963,2025-07-21 10:21:44.807,2025-07-21 11:59:34.883,sabohra,sabohra,sabohra,sabohra,0
273111,4,298016,2025-07-21 10:17:30.157,TG-Bot PME,740969,2025-07-21 11:59:34.877,2025-07-21 11:59:34.877,2025-07-21 10:21:44.807,2025-07-21 11:59:34.793,sabohra,sabohra,sabohra,sabohra,0
273110,4,298015,2025-07-21 10:16:49.660,TG-Bot PME,740968,2025-07-21 11:59:34.787,2025-07-21 11:59:34.787,2025-07-21 10:21:44.807,2025-07-21 11:59:34.703,sabohra,sabohra,sabohra,sabohra,0
273109,4,298014,2025-07-21 10:16:08.247,TG-Bot PME,740967,2025-07-21 11:59:34.697,2025-07-21 11:59:34.697,2025-07-21 10:21:44.807,2025-07-21 11:59:34.613,sabohra,sabohra,sabohra,sabohra,0
273108,4,298013,2025-07-21 10:15:25.580,TG-Bot PME,740966,2025-07-21 11:59:34.607,2025-07-21 11:59:34.607,2025-07-21 10:21:44.807,2025-07-21 11:59:34.523,sabohra,sabohra,sabohra,sabohra,0
273107,4,298012,2025-07-21 10:14:48.537,TG-Bot PME,740965,2025-07-21 11:59:34.520,2025-07-21 11:59:34.520,2025-07-21 10:21:44.807,2025-07-21 11:59:34.433,sabohra,sabohra,sabohra,sabohra,0
273106,4,298011,2025-07-21 10:14:07.963,TG-Bot PME,740964,2025-07-21 11:59:34.430,2025-07-21 11:59:34.430,2025-07-21 10:21:44.807,2025-07-21 11:59:34.347,sabohra,sabohra,sabohra,sabohra,0
273105,4,298010,2025-07-21 10:13:33.010,TG-Bot PME,740963,2025-07-21 11:59:34.340,2025-07-21 11:59:34.340,2025-07-21 10:21:44.807,2025-07-21 11:59:34.253,sabohra,sabohra,sabohra,sabohra,0
272966,4,297871,2025-07-18 19:34:50.970,TG-Bot PME,740962,2025-07-21 11:56:27.917,2025-07-21 11:56:27.917,2025-07-18 19:34:51.903,2025-07-21 11:56:27.833,marloncalvo,marloncalvo,TG-Bot PME,marloncalvo,0
272965,4,297870,2025-07-18 19:34:17.170,TG-Bot PME,740961,2025-07-21 11:56:27.827,2025-07-21 11:56:27.827,2025-07-18 19:34:17.937,2025-07-21 11:56:27.743,marloncalvo,marloncalvo,TG-Bot PME,marloncalvo,0
272964,4,297869,2025-07-18 19:33:41.360,TG-Bot PME,740960,2025-07-21 11:56:27.737,2025-07-21 11:56:27.737,2025-07-18 19:33:42.433,2025-07-21 11:56:27.653,marloncalvo,marloncalvo,TG-Bot PME,marloncalvo,0
272963,4,297868,2025-07-18 19:33:04.867,TG-Bot PME,740959,2025-07-21 11:56:27.647,2025-07-21 11:56:27.647,2025-07-18 19:33:06.587,2025-07-21 11:56:27.563,marloncalvo,marloncalvo,TG-Bot PME,marloncalvo,0
272962,4,297867,2025-07-18 19:32:27.870,TG-Bot PME,740958,2025-07-21 11:56:27.557,2025-07-21 11:56:27.557,2025-07-18 19:32:30.130,2025-07-21 11:56:27.470,marloncalvo,marloncalvo,TG-Bot PME,marloncalvo,0
272961,4,297866,2025-07-18 19:31:52.193,TG-Bot PME,740957,2025-07-21 11:56:27.467,2025-07-21 11:56:27.467,2025-07-18 19:31:53.187,2025-07-21 11:56:27.380,marloncalvo,marloncalvo,TG-Bot PME,marloncalvo,0
272960,4,297865,2025-07-18 19:31:15.620,TG-Bot PME,740956,2025-07-21 11:56:27.373,2025-07-21 11:56:27.373,2025-07-18 19:31:17.420,2025-07-21 11:56:27.283,marloncalvo,marloncalvo,TG-Bot PME,marloncalvo,0
272959,4,297864,2025-07-18 19:30:41.900,TG-Bot PME,740955,2025-07-21 11:56:27.277,2025-07-21 11:56:27.277,2025-07-18 19:30:42.637,2025-07-21 11:56:27.190,marloncalvo,marloncalvo,TG-Bot PME,marloncalvo,0
273114,13,298019,2025-07-21 11:29:09.883,bazilahmed,740954,2025-07-21 11:39:50.753,2025-07-21 11:29:11.750,2025-07-21 11:39:50.753,2025-07-21 11:29:10.067,bazilahmed,bazilahmed,bazilahmed,bazilahmed,0
258211,33,283116,2025-01-23 18:04:35.390,mavachha,698057,2025-07-21 11:07:04.043,2025-07-18 11:05:23.467,2025-07-21 11:07:04.043,2025-06-12 10:57:46.380,sharmavi,sharmavi,sharmavi,ankitsriva,0
273071,13,297976,2025-07-21 06:27:32.373,v-umeshyadav,740787,2025-07-21 10:59:11.233,2025-07-21 06:27:35.627,2025-07-21 10:59:11.233,2025-07-21 06:27:32.380,v-umeshyadav,v-umeshyadav,v-umeshyadav,v-umeshyadav,0
269907,32,294812,2025-06-04 10:20:32.247,devysingh,731636,2025-07-21 10:28:41.347,2025-07-21 10:28:41.347,2025-07-21 07:32:47.567,2025-06-04 10:20:32.443,devysingh,devysingh,saguduru,devysingh,0
209612,32,225514,2023-10-03 18:00:19.850,sdrona,554804,2025-07-21 10:28:41.347,2025-07-21 10:28:41.347,2025-07-21 07:32:47.567,2024-05-06 18:10:40.490,devysingh,devysingh,saguduru,victoroy,0
272955,1,297860,2025-07-18 17:05:07.437,aggarwalsa,740944,2025-07-21 10:10:52.380,2025-07-21 10:04:16.520,2025-07-18 17:12:15.593,2025-07-21 10:10:52.380,aggarwalsa,aggarwalsa,aggarwalsa,aggarwalsa,0
